date,volume,low,close,open,high
2023-04-03,20671326.00,11.57,11.73,11.65,11.76
2023-03-31,10799481.00,11.56,11.62,11.57,11.71
2023-03-30,17301282.00,11.50,11.56,11.70,11.70
2023-03-29,12824992.00,11.65,11.67,11.67,11.81
2023-03-28,17466985.00,11.67,11.70,11.80,11.86
2023-03-27,18410563.00,11.74,11.80,11.98,11.99
2023-03-24,20328298.00,11.77,11.94,11.81,11.97
2023-03-23,14545698.00,11.71,11.79,11.75,11.83
2023-03-22,20406327.00,11.67,11.76,11.74,11.80
2023-03-21,20522718.00,11.44,11.67,11.48,11.67
2023-03-20,13294608.00,11.42,11.49,11.51,11.51
2023-03-17,16800223.00,11.42,11.51,11.56,11.56
2023-03-16,16190076.00,11.44,11.46,11.64,11.64
2023-03-15,15689668.00,11.54,11.65,11.54,11.71
2023-03-14,26807078.00,11.36,11.53,11.60,11.65
2023-03-13,22095630.00,11.48,11.60,11.68,11.75
2023-03-10,23883134.00,11.68,11.69,11.87,11.96
2023-03-09,24098384.00,11.80,11.95,11.99,12.05
2023-03-08,19174685.00,11.84,11.90,11.92,11.99
2023-03-07,35014233.00,11.90,11.92,12.15,12.19
2023-03-06,60365067.00,11.95,12.16,12.00,12.20
2023-03-03,38517329.00,11.82,11.98,11.90,12.16
2023-03-02,20177533.00,11.86,11.87,12.02,12.03
2023-03-01,25951996.00,11.80,12.01,11.92,12.01
2023-02-28,15897389.00,11.78,11.91,11.82,11.91
2023-02-27,12744507.00,11.78,11.79,11.83,11.92
2023-02-24,17045045.00,11.85,11.92,11.91,12.04
2023-02-23,18118639.00,11.92,11.96,11.98,12.06
2023-02-22,16760929.00,11.94,11.98,12.00,12.04
2023-02-21,25602322.00,11.95,12.02,12.08,12.08
2023-02-20,30409475.00,11.92,12.02,12.09,12.09
2023-02-17,24221063.00,11.90,12.01,11.91,12.15
2023-02-16,34603548.00,11.90,11.91,12.24,12.29
2023-02-15,27128206.00,12.17,12.24,12.22,12.35
2023-02-14,22448993.00,12.16,12.25,12.19,12.34
2023-02-13,16856866.00,12.07,12.18,12.07,12.20
2023-02-10,17557467.00,12.01,12.11,12.05,12.13
2023-02-09,19342281.00,12.01,12.07,12.03,12.12
2023-02-08,16365892.00,11.97,12.02,12.07,12.14
2023-02-07,33801128.00,11.81,12.10,11.85,12.15
2023-02-06,19290000.00,11.79,11.86,11.92,11.96
2023-02-03,22316970.00,11.76,11.93,11.88,11.96
2023-02-02,22109599.00,11.77,11.88,11.83,11.94
2023-02-01,28247451.00,11.74,11.83,11.77,11.86
2023-01-31,21894990.00,11.66,11.74,11.78,11.80
2023-01-30,31221768.00,11.65,11.72,11.72,11.80
2023-01-20,14907935.00,11.45,11.60,11.45,11.62
2023-01-19,16855250.00,11.29,11.44,11.35,11.44
2023-01-18,7635618.00,11.27,11.33,11.36,11.37
2023-01-17,9867600.00,11.28,11.31,11.37,11.43
2023-01-16,11626192.00,11.17,11.31,11.22,11.37
2023-01-13,5592949.00,11.14,11.24,11.14,11.33
2023-01-12,5134293.00,11.13,11.22,11.25,11.25
2023-01-11,7447923.00,11.08,11.22,11.23,11.30
2023-01-10,9150227.00,11.21,11.31,11.37,11.49
2023-01-09,11356791.00,11.35,11.40,11.38,11.57
2023-01-06,14107222.00,11.20,11.38,11.56,11.57
2023-01-05,14480581.00,11.45,11.60,11.50,11.65
2023-01-04,9590053.00,11.44,11.55,11.50,11.63
2023-01-04,9590053.00,11.44,11.55,11.50,11.63
2023-01-03,13790052.00,11.15,11.53,11.18,11.56
2022-12-30,7364031.00,11.07,11.22,11.10,11.22
2022-12-29,9327996.00,11.03,11.13,11.08,11.35
2022-12-28,7239148.00,11.04,11.18,11.07,11.18
2022-12-27,7758380.00,11.06,11.21,11.22,11.24
2022-12-26,8277847.00,11.06,11.18,11.16,11.24
2022-12-23,16018311.00,11.02,11.19,11.20,11.27
2022-12-22,12092711.00,11.07,11.24,11.27,11.27
2022-12-21,9748784.00,11.15,11.26,11.29,11.36
2022-12-20,9262788.00,11.14,11.29,11.21,11.38
2022-12-19,12460066.00,11.20,11.25,11.51,11.59
2022-12-16,16654773.00,11.46,11.53,11.85,11.85
2022-12-15,14951151.00,11.69,11.81,11.91,12.00
2022-12-14,12466749.00,11.83,11.95,11.98,12.06
2022-12-13,22015493.00,11.90,11.95,12.14,12.16
2022-12-12,22604998.00,11.71,12.08,12.01,12.19
2022-12-09,13503472.00,12.07,12.10,12.19,12.20
2022-12-08,24012368.00,12.09,12.14,12.37,12.38
2022-12-07,29072841.00,12.09,12.23,12.15,12.29
2022-12-06,26367064.00,12.04,12.09,12.27,12.27
2022-12-05,33774651.00,12.22,12.26,12.39,12.43
2022-12-02,35793302.00,12.21,12.35,12.31,12.43
2022-12-01,33530457.00,12.16,12.33,12.32,12.38
2022-11-30,39240336.00,12.12,12.31,12.27,12.36
2022-11-29,58183168.00,12.14,12.28,12.27,12.36
2022-11-28,68650866.00,11.91,12.26,11.91,12.36
2022-11-25,29046898.00,11.91,12.15,12.28,12.29
2022-11-24,42520389.00,12.04,12.25,12.13,12.25
2022-11-23,64081702.00,11.85,12.13,12.13,12.35
2022-11-22,78483231.00,11.94,12.16,12.18,13.01
2022-11-21,29950712.00,11.68,12.10,11.84,12.14
2022-11-18,28105890.00,11.71,11.78,11.82,12.02
2022-11-17,20046308.00,11.55,11.77,11.64,11.80
2022-11-16,29789222.00,11.48,11.60,11.64,11.66
2022-11-15,33139481.00,11.27,11.58,11.39,11.58
2022-11-14,32628751.00,11.25,11.31,11.28,11.55
2022-11-11,41485365.00,11.19,11.43,11.30,11.43
2022-11-10,25619520.00,11.05,11.18,11.17,11.22
2022-11-09,24261372.00,11.00,11.18,11.14,11.20
2022-11-08,13758675.00,11.04,11.09,11.14,11.18
2022-11-07,31289615.00,11.07,11.14,11.12,11.26
2022-11-04,36858438.00,10.98,11.11,11.06,11.16
2022-11-03,15745635.00,10.94,10.98,10.94,11.09
2022-11-02,16815132.00,10.96,11.01,10.98,11.18
2022-11-01,22202403.00,10.88,10.97,10.96,11.10
2022-10-31,30341992.00,10.50,10.90,10.50,11.00
2022-10-28,57048342.00,10.35,10.60,11.20,11.20
2022-10-27,12384061.00,11.16,11.20,11.24,11.39
2022-10-26,11987327.00,11.08,11.18,11.18,11.39
2022-10-25,8547590.00,11.04,11.18,11.38,11.39
2022-10-24,14288837.00,11.32,11.32,11.71,11.86
2022-10-21,13790877.00,11.58,11.69,11.72,11.97
2022-10-20,15164143.00,11.55,11.78,11.73,12.05
2022-10-19,12965681.00,11.59,11.77,11.79,11.79
2022-10-18,19629975.00,11.79,11.81,12.04,12.04
2022-10-17,27483242.00,11.92,12.10,12.30,12.30
2022-10-14,33327615.00,11.48,12.39,11.76,12.39
2022-10-13,8908593.00,11.10,11.52,11.11,11.61
2022-10-12,10878575.00,10.79,11.22,10.88,11.29
2022-10-11,12517142.00,10.80,11.09,11.29,11.29
2022-10-10,13914618.00,10.94,11.42,11.60,11.60
2022-09-30,6906462.00,11.18,11.62,11.41,11.62
2022-09-29,9031926.00,11.21,11.32,11.35,11.47
2022-09-28,11091897.00,11.30,11.47,11.49,11.53
2022-09-27,17851211.00,11.31,11.56,11.52,11.68
2022-09-26,7984553.00,11.02,11.65,11.35,11.66
2022-09-23,7527120.00,11.46,11.60,11.72,11.87
2022-09-22,7630986.00,11.65,11.72,11.88,11.97
2022-09-21,9220616.00,11.51,11.87,11.71,11.99
2022-09-20,9606124.00,11.65,11.71,11.71,11.97
2022-09-19,8402201.00,11.60,11.75,11.93,12.03
2022-09-16,11066698.00,11.97,11.99,12.22,12.39
2022-09-15,12837136.00,12.20,12.39,12.95,12.99
2022-09-14,12965496.00,12.66,12.89,12.70,12.97
2022-09-13,14800645.00,12.86,12.93,13.19,13.20
2022-09-09,6506680.00,13.02,13.19,13.12,13.33
2022-09-08,9085534.00,13.26,13.26,13.47,13.48
2022-09-07,19120288.00,13.28,13.38,13.28,13.53
2022-09-06,23032020.00,12.71,13.28,12.85,13.38
2022-09-05,13897324.00,12.40,12.76,12.45,12.90
2022-09-02,6108378.00,12.26,12.40,12.49,12.49
2022-09-01,7437584.00,12.25,12.37,12.39,12.56
2022-08-31,16209759.00,12.39,12.39,12.89,13.09
2022-08-30,9962211.00,12.68,12.95,13.05,13.09
2022-08-29,9051752.00,12.61,13.04,12.75,13.04
2022-08-26,8400733.00,12.88,12.90,12.91,13.10
2022-08-25,13447511.00,12.75,12.99,13.07,13.14
2022-08-24,15073842.00,13.00,13.07,13.50,13.55
2022-08-23,12843624.00,13.31,13.50,13.42,13.50
2022-08-22,27923540.00,12.89,13.46,13.35,13.46
2022-08-19,20923894.00,13.32,13.35,13.41,13.82
2022-08-18,13472246.00,13.10,13.37,13.28,13.42
2022-08-17,15358630.00,13.19,13.27,13.50,13.55
2022-08-16,13206038.00,13.26,13.39,13.35,13.44
2022-08-15,14644104.00,13.25,13.31,13.35,13.45
2022-08-12,19801668.00,13.32,13.35,13.55,13.88
2022-08-11,20243927.00,13.42,13.61,13.56,13.66
2022-08-10,33089051.00,13.26,13.50,13.61,13.66
2022-08-09,66622508.00,12.93,13.60,13.08,14.29
2022-08-08,13401382.00,12.62,13.03,12.62,13.12
2022-08-05,11790898.00,12.42,12.70,12.58,12.75
2022-08-04,12685865.00,12.34,12.55,12.50,12.72
2022-08-03,25658117.00,12.29,12.40,12.85,13.15
2022-08-02,19493727.00,12.55,12.85,12.82,13.05
2022-08-01,10890730.00,12.78,12.93,12.94,13.05
2022-07-29,22856305.00,12.88,12.90,13.02,13.25
2022-07-28,18964617.00,12.76,13.05,12.90,13.15
2022-07-27,15289146.00,12.47,12.86,12.59,12.88
2022-07-26,9395741.00,12.29,12.58,12.51,12.59
2022-07-25,17413065.00,12.46,12.49,12.69,12.90
2022-07-22,15812687.00,12.29,12.65,12.45,12.65
2022-07-21,6299876.00,12.32,12.42,12.57,12.63
2022-07-20,6931725.00,12.46,12.57,12.60,12.66
2022-07-19,9829612.00,12.37,12.59,12.49,12.63
2022-07-18,19210876.00,12.01,12.49,12.01,12.56
2022-07-15,9410993.00,12.01,12.01,12.39,12.39
2022-07-14,7880142.00,12.19,12.35,12.34,12.44
2022-07-13,17090781.00,11.88,12.34,11.89,12.40
2022-07-12,10545053.00,11.95,11.95,12.18,12.18
2022-07-11,12997578.00,11.09,12.10,12.28,12.28
2022-07-08,17810229.00,12.23,12.32,12.48,12.64
2022-07-08,17810229.00,12.23,12.32,12.48,12.64
2022-07-07,21163559.00,12.05,12.58,12.24,12.67
2022-07-06,10706869.00,12.03,12.16,12.32,12.32
2022-07-05,11543449.00,12.07,12.38,12.25,12.41
2022-07-04,7572186.00,12.16,12.24,12.29,12.29
2022-07-01,9319503.00,12.12,12.22,12.39,12.39
2022-06-30,12039638.00,12.15,12.28,12.47,12.57
2022-06-29,12410577.00,12.21,12.22,12.46,12.65
2022-06-28,14023818.00,12.21,12.52,12.26,12.53
2022-06-27,10634406.00,12.21,12.22,12.48,12.49
2022-06-24,9992047.00,12.31,12.42,12.39,12.66
2022-06-23,11485518.00,12.11,12.35,12.16,12.39
2022-06-22,8798329.00,12.13,12.20,12.30,12.48
2022-06-21,13808972.00,12.17,12.30,12.26,12.55
2022-06-20,17191027.00,12.16,12.30,12.31,12.61
2022-06-17,13809574.00,11.93,12.24,12.05,12.35
2022-06-16,11506412.00,11.98,12.05,12.17,12.21
2022-06-15,30565992.00,12.10,12.10,12.47,12.57
2022-06-14,45879139.00,11.84,12.61,11.92,12.80
2022-06-13,26280375.00,11.51,12.02,11.55,12.24
2022-06-10,7820837.00,11.12,11.46,11.12,11.56
2022-06-09,5781249.00,11.08,11.20,11.40,11.43
2022-06-08,6635825.00,11.21,11.40,11.58,11.61
2022-06-07,6485785.00,11.50,11.58,11.63,11.89
2022-06-06,10021148.00,11.42,11.65,11.47,11.73
2022-06-02,8410789.00,11.22,11.53,11.38,11.56
2022-06-01,7072428.00,11.28,11.39,11.43,11.49
2022-05-31,5432048.00,11.35,11.40,11.48,11.50
2022-05-30,5084430.00,11.34,11.48,11.50,11.50
2022-05-27,7948777.00,11.34,11.41,11.44,11.54
2022-05-26,15152400.00,11.40,11.47,11.71,11.72
2022-05-25,26359775.00,11.29,11.71,11.34,12.15
2022-05-24,14338027.00,11.28,11.31,11.49,11.63
2022-05-23,5630987.00,11.35,11.47,11.45,11.52
2022-05-20,7187328.00,11.29,11.45,11.29,11.48
2022-05-19,7952711.00,11.07,11.28,11.16,11.29
2022-05-18,8927632.00,11.05,11.18,11.09,11.30
2022-05-17,8247161.00,10.98,11.06,11.16,11.18
2022-05-16,9370674.00,11.14,11.16,11.26,11.34
2022-05-13,9156214.00,11.13,11.30,11.26,11.34
2022-05-12,6414784.00,11.12,11.30,11.20,11.32
2022-05-11,14249298.00,11.10,11.30,11.28,11.45
2022-05-10,15412546.00,10.94,11.35,11.02,11.40
2022-05-09,14470494.00,10.76,11.25,10.90,11.30
2022-05-06,7267648.00,10.59,10.96,10.69,11.00
2022-05-05,9521225.00,10.58,10.86,10.61,11.00
2022-04-29,8601697.00,10.26,10.70,10.26,10.77
2022-04-28,9522807.00,10.16,10.50,10.16,10.63
2022-04-27,17637057.00,9.73,10.44,10.15,10.44
2022-04-26,18499532.00,9.62,10.40,10.06,10.45
2022-04-25,12013201.00,9.99,10.30,10.86,10.86
2022-04-22,7719255.00,10.69,10.84,10.94,10.95
2022-04-21,13064308.00,10.84,10.91,11.26,11.39
2022-04-20,10683946.00,11.22,11.31,11.30,11.49
2022-04-19,5570621.00,11.10,11.29,11.20,11.33
2022-04-18,8434160.00,10.90,11.16,11.11,11.22
2022-04-15,15867599.00,10.95,11.07,11.35,11.49
2022-04-14,10263465.00,11.30,11.47,11.58,11.64
2022-04-13,9436524.00,11.45,11.49,11.56,11.69
2022-04-12,7235512.00,11.15,11.56,11.46,11.58
2022-04-11,14565635.00,11.29,11.35,11.79,11.79
2022-04-08,7996269.00,11.65,11.80,11.74,11.91
2022-04-07,8220634.00,11.78,11.79,12.01,12.01
2022-04-06,9743483.00,11.80,12.00,11.88,12.10
2022-04-01,13092743.00,11.66,11.88,11.78,11.92
2022-03-31,12305746.00,11.71,11.77,11.72,11.87
2022-03-30,9362516.00,11.61,11.71,11.61,11.77
2022-03-29,15678749.00,11.48,11.60,11.59,11.72
2022-03-28,10420604.00,11.31,11.50,11.55,11.63
2022-03-25,22650439.00,11.48,11.53,11.68,11.76
2022-03-24,8549747.00,11.61,11.67,11.73,11.73
2022-03-23,8843829.00,11.72,11.75,11.83,11.93
2022-03-22,12797829.00,11.68,11.78,11.90,11.91
2022-03-21,16055612.00,11.76,11.91,11.94,12.00
2022-03-18,6402571.00,11.63,11.88,11.88,11.98
2022-03-17,7612926.00,11.72,11.73,12.02,12.02
2022-03-16,8586997.00,11.48,11.80,11.58,11.88
2022-03-15,12589854.00,11.48,11.48,12.01,12.07
2022-03-14,10699970.00,12.00,12.10,12.42,12.42
2022-03-11,7315023.00,11.94,12.32,12.30,12.42
2022-03-10,7599311.00,12.17,12.28,12.20,12.46
2022-03-09,11859804.00,11.61,12.05,12.40,12.41
2022-03-08,10092757.00,12.20,12.33,12.70,12.78
2022-03-07,12169352.00,12.64,12.70,13.02,13.08
2022-03-04,8230684.00,12.82,12.98,13.10,13.12
2022-03-03,8842757.00,12.99,13.10,12.99,13.15
2022-03-02,7757314.00,12.93,13.03,12.97,13.09
2022-03-01,9176542.00,12.85,13.07,12.88,13.08
2022-02-28,8331058.00,12.70,12.94,13.00,13.02
2022-02-25,12058760.00,12.88,13.00,13.02,13.15
2022-02-24,17601059.00,12.69,12.83,12.98,13.20
2022-02-23,9973619.00,12.69,12.98,12.82,13.01
2022-02-22,8184609.00,12.63,12.69,12.91,12.91
2022-02-21,11197547.00,12.72,12.94,12.83,12.97
2022-02-18,10265398.00,12.70,12.82,12.70,12.89
2022-02-17,12233381.00,12.77,12.88,12.80,13.06
2022-02-16,8504171.00,12.54,12.90,12.54,12.90
2022-02-15,5580439.00,12.50,12.60,12.60,12.72
2022-02-14,5735523.00,12.42,12.60,12.58,12.74
2022-02-11,13270365.00,12.40,12.50,12.82,12.82
2022-02-10,6727401.00,12.56,12.77,12.70,12.78
2022-02-09,4731307.00,12.66,12.74,12.74,12.81
2022-02-08,5357370.00,12.50,12.69,12.70,12.76
2022-02-07,8620580.00,12.25,12.63,12.30,12.73
2022-01-28,9216466.00,11.85,12.24,11.88,12.60
2022-01-27,7335037.00,11.81,11.81,12.06,12.11
2022-01-26,10034656.00,12.06,12.08,12.25,12.36
2022-01-25,9234321.00,12.00,12.02,12.65,12.65
2022-01-24,6983466.00,12.49,12.50,12.85,12.85
2022-01-21,8265113.00,12.59,12.78,12.78,12.96
2022-01-20,14625561.00,12.76,12.90,13.19,13.35
2022-01-19,8822094.00,13.01,13.24,13.09,13.34
2022-01-18,24870440.00,12.91,13.23,13.18,13.36
2022-01-17,20421954.00,12.77,13.20,12.80,13.28
2022-01-14,13801107.00,12.65,12.76,12.89,13.00
2022-01-13,14380090.00,12.88,12.95,13.00,13.08
2022-01-12,16561410.00,12.70,12.98,12.75,13.05
2022-01-11,5921020.00,12.54,12.67,12.54,12.80
2022-01-10,7721872.00,12.33,12.58,12.51,12.61
2022-01-07,7237180.00,12.40,12.42,12.68,12.73
2022-01-06,8465253.00,12.61,12.67,12.72,12.79
2022-01-05,12648726.00,12.55,12.64,12.69,12.90
2022-01-04,11153875.00,12.35,12.59,12.53,12.66
2021-12-31,6737743.00,12.34,12.39,12.37,12.45
2021-12-30,7688598.00,12.31,12.38,12.44,12.46
2021-12-29,6657909.00,12.25,12.36,12.31,12.47
2021-12-28,8133869.00,12.15,12.31,12.22,12.34
2021-12-27,6929666.00,12.01,12.24,12.10,12.30
2021-12-24,9103150.00,11.96,12.09,12.23,12.26
2021-12-23,7260997.00,12.18,12.23,12.33,12.33
2021-12-22,17447399.00,12.19,12.33,12.49,12.55
2021-12-21,12255903.00,12.22,12.46,12.28,12.63
2021-12-20,7003744.00,12.14,12.22,12.29,12.29
2021-12-17,8151085.00,12.18,12.25,12.25,12.35
2021-12-16,6963973.00,12.16,12.26,12.18,12.28
2021-12-15,8714542.00,12.12,12.18,12.12,12.22
2021-12-14,9303887.00,12.00,12.13,12.09,12.16
2021-12-13,5572627.00,12.02,12.02,12.18,12.22
2021-12-10,9281567.00,11.87,12.11,11.99,12.12
2021-12-09,7592753.00,11.83,11.95,11.91,11.99
2021-12-08,3233938.00,11.77,11.92,11.84,11.92
2021-12-07,6334388.00,11.72,11.81,11.86,11.95
2021-12-06,9291377.00,11.82,11.85,12.13,12.14
2021-12-03,8813733.00,12.00,12.14,12.10,12.19
2021-12-02,12367056.00,12.01,12.13,12.15,12.25
2021-12-01,8323529.00,11.86,12.14,11.93,12.16
2021-11-30,10963767.00,11.81,11.93,11.81,12.06
2021-11-29,5189072.00,11.71,11.74,11.79,11.87
2021-11-26,6899681.00,11.85,11.88,12.11,12.12
2021-11-25,10625696.00,11.89,12.01,11.89,12.18
2021-11-24,6475127.00,11.72,11.85,11.89,11.90
2021-11-23,5908379.00,11.82,11.90,11.89,11.93
2021-11-22,5045615.00,11.80,11.87,11.80,11.93
2021-11-19,8706985.00,11.55,11.80,11.75,11.83
2021-11-18,4592694.00,11.70,11.75,11.79,11.89
2021-11-17,5677084.00,11.64,11.79,11.64,11.82
2021-11-16,9456095.00,11.63,11.63,11.73,11.81
2021-11-15,11089244.00,11.56,11.71,11.60,11.74
2021-11-12,7864073.00,11.45,11.60,11.55,11.65
2021-11-11,8373971.00,11.37,11.54,11.41,11.60
2021-11-10,9240615.00,11.20,11.42,11.27,11.44
2021-11-09,5567624.00,11.24,11.29,11.30,11.31
2021-11-08,5666342.00,11.21,11.24,11.30,11.31
2021-11-05,5223462.00,11.22,11.28,11.36,11.37
2021-11-04,7321178.00,11.23,11.36,11.24,11.38
2021-11-03,10297702.00,11.14,11.24,11.20,11.28
2021-11-02,44379830.00,11.30,11.30,11.74,11.80
2021-11-01,67326631.00,11.61,12.25,12.17,13.38
2021-10-29,20821824.00,11.70,12.16,12.18,12.18
2021-10-28,9801591.00,12.14,12.29,12.20,12.37
2021-10-27,10277120.00,12.22,12.27,12.31,12.32
2021-10-26,13343586.00,12.28,12.31,12.38,12.54
2021-10-25,12795735.00,12.01,12.38,12.19,12.47
2021-10-22,6503431.00,12.14,12.14,12.18,12.22
2021-10-21,8284626.00,12.12,12.17,12.22,12.33
2021-10-20,18269729.00,11.84,12.18,12.10,12.33
2021-10-19,12173061.00,11.97,12.19,12.03,12.27
2021-10-18,8618804.00,11.71,12.02,11.76,12.10
2021-10-15,9050249.00,11.58,11.84,11.73,11.91
2021-10-14,4106506.00,11.66,11.77,11.70,11.81
2021-10-13,7730293.00,11.48,11.75,11.60,11.85
2021-10-12,6653141.00,11.48,11.61,11.82,11.83
2021-10-11,5353603.00,11.68,11.78,11.82,11.87
2021-10-11,5353603.00,11.68,11.78,11.82,11.87
2021-10-08,6697510.00,11.61,11.83,11.63,11.89
2021-09-30,6001853.00,11.45,11.59,11.45,11.68
2021-09-29,10268497.00,11.38,11.46,11.65,11.68
2021-09-28,11222639.00,11.56,11.73,11.70,11.77
2021-09-27,24813676.00,11.60,11.68,12.41,12.54
2021-09-24,25260769.00,12.40,12.41,12.92,12.92
2021-09-23,25517860.00,12.81,12.93,13.15,13.17
2021-09-22,28514196.00,12.56,13.14,12.56,13.14
2021-09-17,23133261.00,12.51,12.69,12.84,12.93
2021-09-16,34226951.00,12.62,12.63,12.62,13.16
2021-09-15,18989133.00,12.30,12.68,12.32,12.75
2021-09-14,13160426.00,12.29,12.32,12.52,12.64
2021-09-13,12507119.00,12.28,12.53,12.28,12.54
2021-09-10,20062736.00,12.31,12.37,12.65,12.66
2021-09-09,32556613.00,12.37,12.66,12.43,12.78
2021-09-08,13606508.00,12.29,12.41,12.33,12.44
2021-09-07,16581035.00,12.19,12.36,12.38,12.38
2021-09-06,13707413.00,12.21,12.34,12.33,12.38
2021-09-03,20567808.00,12.01,12.32,12.02,12.35
2021-09-02,5706749.00,11.85,11.94,11.93,12.00
2021-09-01,8751054.00,11.80,11.94,12.03,12.11
2021-08-31,6857708.00,11.85,11.99,12.00,12.06
2021-08-30,10926864.00,11.90,11.99,12.19,12.28
2021-08-27,7698010.00,12.05,12.17,12.18,12.33
2021-08-26,7740248.00,12.12,12.17,12.26,12.26
2021-08-25,8615812.00,12.03,12.26,12.14,12.26
2021-08-24,13739996.00,12.00,12.14,12.18,12.20
2021-08-23,16928448.00,11.68,12.01,11.73,12.12
2021-08-20,8319807.00,11.63,11.75,11.73,11.80
2021-08-19,17539285.00,11.72,11.86,12.25,12.28
2021-08-18,6808331.00,11.72,12.07,11.73,12.07
2021-08-17,10578576.00,11.70,11.73,11.88,11.97
2021-08-16,6838904.00,11.90,11.96,12.01,12.14
2021-08-13,11870155.00,11.82,12.03,11.84,12.05
2021-08-12,5934388.00,11.72,11.84,11.83,11.92
2021-08-11,4765614.00,11.71,11.78,11.79,11.87
2021-08-10,5025103.00,11.56,11.75,11.69,11.76
2021-08-09,5965630.00,11.42,11.63,11.42,11.64
2021-08-06,3389860.00,11.33,11.42,11.45,11.53
2021-08-05,4368808.00,11.43,11.48,11.57,11.66
2021-08-04,5916379.00,11.52,11.57,11.80,11.80
2021-08-03,5708984.00,11.45,11.61,11.55,11.70
2021-08-02,6865040.00,11.22,11.55,11.22,11.66
2021-07-30,5603536.00,11.11,11.22,11.34,11.34
2021-07-29,5521960.00,11.16,11.28,11.25,11.38
2021-07-28,7217177.00,11.10,11.16,11.51,11.55
2021-07-27,6969270.00,11.54,11.55,11.74,11.79
2021-07-26,7557081.00,11.69,11.74,11.86,11.95
2021-07-23,8126257.00,11.92,11.95,11.94,12.12
2021-07-22,6056325.00,11.83,12.00,11.91,12.04
2021-07-21,5658010.00,11.75,11.91,11.78,11.95
2021-07-20,5880760.00,11.72,11.78,11.91,11.91
2021-07-19,4985056.00,11.80,11.91,11.89,11.91
2021-07-16,6031440.00,11.84,11.91,11.92,11.97
2021-07-15,8697847.00,11.83,11.92,12.15,12.25
2021-07-14,10454800.00,12.09,12.15,12.15,12.40
2021-07-13,5564179.00,12.05,12.14,12.16,12.16
2021-07-13,5564179.00,12.05,12.14,12.16,12.16
2021-07-12,6985868.00,12.07,12.08,12.11,12.21
2021-07-09,8441844.00,11.91,12.11,12.01,12.14
2021-07-08,9497106.00,11.92,12.06,11.99,12.12
2021-07-07,6285381.00,11.85,11.95,11.91,11.98
2021-07-06,5984622.00,11.82,11.90,11.92,12.06
2021-07-05,4823185.00,11.81,11.95,11.81,11.96
2021-07-02,13327332.00,11.78,11.80,12.15,12.15
2021-07-01,7395663.00,12.10,12.10,12.22,12.24
2021-06-30,4027479.00,12.14,12.20,12.14,12.23
2021-06-29,5098776.00,12.13,12.13,12.16,12.22
2021-06-28,10956961.00,12.17,12.19,12.38,12.38
2021-06-25,6804849.00,12.28,12.36,12.40,12.42
2021-06-24,12785472.00,12.19,12.42,12.25,12.50
2021-06-23,6643689.00,12.20,12.22,12.28,12.30
2021-06-22,7337301.00,12.22,12.25,12.27,12.36
2021-06-21,7046042.00,12.19,12.24,12.20,12.27
2021-06-18,6111812.00,12.15,12.26,12.25,12.28
2021-06-17,6187405.00,12.21,12.25,12.25,12.33
2021-06-16,10184710.00,12.26,12.26,12.44,12.44
2021-06-15,9016302.00,12.21,12.43,12.30,12.44
2021-06-11,8065690.00,12.30,12.30,12.49,12.55
2021-06-10,7127144.00,12.42,12.47,12.56,12.57
2021-06-09,8949059.00,12.34,12.52,12.42,12.59
2021-06-08,7812713.00,12.27,12.37,12.33,12.41
2021-06-07,6823153.00,12.20,12.33,12.30,12.38
2021-06-04,9019417.00,12.27,12.29,12.41,12.46
2021-06-03,10805638.00,12.40,12.42,12.54,12.58
2021-06-02,10748486.00,12.53,12.54,12.55,12.63
2021-06-01,8570453.00,12.40,12.60,12.58,12.63
2021-05-31,9586077.00,12.52,12.80,12.69,12.83
2021-05-28,15153386.00,12.50,12.65,12.82,12.83
2021-05-27,11844804.00,12.73,12.81,12.79,12.87
2021-05-26,18060374.00,12.55,12.79,12.58,12.87
2021-05-25,24214733.00,12.37,12.57,12.57,12.66
2021-05-24,23531134.00,12.50,12.50,12.78,12.89
2021-05-21,18960360.00,12.75,12.78,12.90,12.99
2021-05-20,11745287.00,12.72,12.88,13.03,13.03
2021-05-19,9439902.00,12.97,13.04,13.09,13.12
2021-05-18,8284115.00,13.03,13.10,13.23,13.23
2021-05-17,13303621.00,13.11,13.23,13.17,13.29
2021-05-14,19583766.00,13.05,13.34,13.37,13.38
2021-05-13,32932903.00,12.92,13.34,13.34,13.64
2021-05-12,88541728.00,13.39,13.39,14.16,14.16
2021-05-11,46622761.00,13.69,14.58,13.71,14.58
2021-05-10,42623702.00,12.77,13.80,14.49,14.49
2021-05-07,32670808.00,13.52,13.98,13.56,13.98
2021-05-06,18026752.00,13.31,13.59,13.78,13.78
2021-04-30,39267695.00,12.81,13.43,12.81,13.45
2021-04-29,24328572.00,12.45,12.91,12.51,12.93
2021-04-28,14252793.00,12.49,12.61,12.66,12.75
2021-04-27,33768656.00,12.38,12.76,12.48,12.82
2021-04-26,65153414.00,12.44,12.58,13.52,13.52
2021-04-23,12544283.00,13.62,13.82,14.03,14.03
2021-04-22,9952703.00,13.88,13.99,13.88,14.10
2021-04-21,17207782.00,13.70,13.90,13.77,14.05
2021-04-20,13050921.00,13.77,13.77,13.82,14.03
2021-04-19,13080328.00,13.60,13.89,13.78,13.91
2021-04-16,15270430.00,13.36,13.78,13.50,13.81
2021-04-15,7604976.00,13.33,13.50,13.66,13.66
2021-04-14,7431587.00,13.22,13.52,13.39,13.54
2021-04-14,7431587.00,13.22,13.52,13.39,13.54
2021-04-13,7659425.00,13.25,13.30,13.40,13.52
2021-04-12,14766041.00,13.35,13.48,13.66,13.75
2021-04-09,13000807.00,13.42,13.61,13.51,13.69
2021-04-08,10634110.00,13.50,13.51,13.76,13.80
2021-04-07,11624357.00,13.37,13.76,13.37,13.78
2021-04-06,10382290.00,13.43,13.57,13.49,13.68
2021-04-02,8982707.00,13.26,13.47,13.37,13.50
2021-04-01,9356435.00,13.25,13.29,13.40,13.46
2021-03-31,9818545.00,13.26,13.46,13.35,13.51
2021-03-30,15484267.00,13.30,13.35,13.61,13.71
2021-03-29,11597266.00,13.64,13.66,14.00,14.00
2021-03-26,15723393.00,13.70,13.77,13.71,13.88
2021-03-25,12341235.00,13.66,13.79,13.88,14.07
2021-03-24,11817892.00,13.66,13.88,13.85,13.95
2021-03-23,15087376.00,13.75,13.85,14.12,14.16
2021-03-22,18636171.00,13.83,14.12,13.98,14.27
2021-03-19,18049410.00,13.66,13.98,13.72,14.14
2021-03-18,13387510.00,13.70,13.82,13.85,14.03
2021-03-17,11620719.00,13.50,13.84,13.51,13.86
2021-03-16,14257954.00,13.33,13.51,13.38,13.66
2021-03-15,11174212.00,13.30,13.41,13.55,13.62
2021-03-12,20573073.00,13.20,13.55,13.73,13.74
2021-03-11,14691201.00,13.52,13.75,13.85,13.85
2021-03-10,19362723.00,13.58,13.88,13.79,14.28
2021-03-09,16107870.00,13.55,13.79,14.12,14.12
2021-03-08,18993673.00,14.03,14.07,14.30,14.37
2021-03-05,19204049.00,13.93,14.18,14.00,14.25
2021-03-04,25702627.00,14.00,14.09,14.08,14.32
2021-03-03,18286917.00,13.85,14.08,13.87,14.14
2021-03-02,24727354.00,13.84,13.94,14.28,14.35
2021-03-01,26453828.00,13.68,14.13,13.73,14.28
2021-02-26,14413214.00,13.44,13.74,13.50,13.84
2021-02-25,18753494.00,13.62,13.64,13.95,14.07
2021-02-24,22532544.00,13.72,13.79,13.89,14.16
2021-02-23,17706472.00,13.80,13.92,13.99,14.24
2021-02-22,31798613.00,14.05,14.05,14.12,14.42
2021-02-19,22247001.00,13.58,14.08,13.69,14.08
2021-02-18,20004966.00,13.04,13.71,13.04,13.79
2021-02-10,9124898.00,12.82,12.93,12.90,13.05
2021-02-09,9072478.00,12.72,12.99,12.89,13.01
2021-02-08,7223372.00,12.58,12.79,12.84,12.91
2021-02-05,15154073.00,12.68,12.86,13.31,13.36
2021-02-04,15458887.00,12.65,13.18,13.18,13.42
2021-02-03,15089705.00,13.23,13.26,13.86,13.86
2021-02-02,12119364.00,13.71,13.78,13.96,13.98
2021-02-01,18827316.00,13.38,13.94,13.61,13.96
2021-01-29,16061353.00,13.15,13.43,13.53,13.68
2021-01-28,17805955.00,13.12,13.45,13.12,13.94
2021-01-27,40120208.00,13.17,13.46,13.61,14.10
2021-01-26,14303596.00,13.56,13.64,13.70,14.10
2021-01-25,13753877.00,13.48,13.55,13.79,13.79
2021-01-22,8709938.00,13.51,13.79,13.79,13.89
2021-01-21,11507726.00,13.66,13.78,13.77,13.95
2021-01-20,15468362.00,13.58,13.78,13.88,13.88
2021-01-19,18652461.00,13.50,13.81,13.62,13.99
2021-01-18,22086958.00,12.95,13.57,12.95,13.71
2021-01-15,16999619.00,12.61,13.07,12.63,13.15
2021-01-14,15090319.00,12.42,12.69,12.57,12.85
2021-01-14,15090319.00,12.42,12.69,12.57,12.85
2021-01-13,15216320.00,12.60,12.63,13.06,13.14
2021-01-12,10230866.00,13.02,13.06,13.02,13.38
2021-01-11,14870254.00,12.83,13.00,13.32,13.35
2021-01-08,24767945.00,12.99,13.31,13.28,13.55
2021-01-07,36382801.00,13.09,13.21,14.01,14.09
2021-01-06,29062070.00,14.02,14.07,14.55,14.55
2021-01-05,22032451.00,14.28,14.59,14.55,14.59
2021-01-04,28599659.00,14.21,14.50,14.52,14.63
2020-12-31,20145749.00,14.11,14.57,14.15,14.68
2020-12-30,19641531.00,14.14,14.16,14.40,14.54
2020-12-29,22975840.00,14.12,14.43,14.12,14.83
2020-12-28,15867706.00,14.05,14.12,14.32,14.57
2020-12-25,12503436.00,14.28,14.42,14.32,14.65
2020-12-24,23360934.00,14.11,14.43,14.56,14.62
2020-12-23,17140176.00,14.53,14.63,14.68,14.93
2020-12-22,20587778.00,14.70,14.80,15.12,15.30
2020-12-21,16814052.00,15.04,15.21,15.33,15.48
2020-12-18,15603286.00,15.35,15.35,15.50,15.70
2020-12-17,19232829.00,15.00,15.57,15.50,15.66
2020-12-16,13533994.00,15.48,15.52,15.61,15.85
2020-12-15,13363774.00,15.50,15.61,15.73,15.85
2020-12-14,12699844.00,15.51,15.73,15.58,15.91
2020-12-11,26000808.00,15.52,15.65,16.20,16.31
2020-12-10,25714946.00,15.91,16.25,15.91,16.60
2020-12-09,31912373.00,15.97,16.01,16.42,16.68
2020-12-08,26611939.00,16.50,16.55,16.81,17.07
2020-12-07,28371743.00,16.89,16.89,17.12,17.29
2020-12-04,23579798.00,17.06,17.12,17.39,17.49
2020-12-03,38728701.00,17.15,17.22,17.62,17.83
2020-12-02,55492541.00,17.21,17.52,17.42,18.08
2020-12-01,50696261.00,16.91,17.26,17.33,17.42
2020-11-30,78428848.00,15.90,17.10,16.18,17.72
2020-11-27,26326654.00,15.91,16.17,16.20,16.48
2020-11-26,41317691.00,16.14,16.24,17.00,17.10
2020-11-25,37837847.00,16.90,17.10,17.36,17.36
2020-11-24,65614515.00,16.70,17.46,16.70,17.59
2020-11-23,33854692.00,16.50,16.80,16.76,16.99
2020-11-20,24487432.00,16.50,16.86,16.84,17.04
2020-11-19,30150343.00,16.65,16.84,17.03,17.08
2020-11-18,67645251.00,16.23,17.03,16.28,17.23
2020-11-17,46925202.00,16.30,16.32,16.82,16.95
2020-11-16,40591628.00,16.68,16.89,16.82,17.26
2020-11-13,32767345.00,16.55,16.68,16.84,17.06
2020-11-12,43272771.00,16.67,16.90,16.85,17.10
2020-11-11,65960768.00,16.16,16.90,16.35,17.11
2020-11-10,46055251.00,15.88,16.37,16.14,16.41
2020-11-09,43391732.00,16.05,16.30,16.34,16.46
2020-11-06,65697901.00,15.41,16.35,15.90,16.39
2020-11-05,34506466.00,15.73,15.93,16.00,16.10
2020-11-04,33974285.00,15.63,15.87,15.93,16.07
2020-11-03,56892249.00,15.45,16.10,15.63,16.10
2020-11-02,47380263.00,14.91,15.63,15.27,15.68
2020-10-30,40859409.00,15.08,15.25,15.24,15.62
2020-10-29,45347491.00,14.99,15.06,15.05,15.65
2020-10-28,44991993.00,15.01,15.27,15.27,15.45
2020-10-27,77590513.00,15.02,15.40,15.52,15.60
2020-10-26,145911494.00,15.00,15.88,15.33,16.25
2020-10-23,71806029.00,14.30,15.24,14.50,15.24
2020-10-22,16683644.00,13.44,13.85,13.52,14.06
2020-10-21,11087625.00,13.52,13.64,13.92,13.92
2020-10-20,9562986.00,13.39,13.86,13.52,13.96
2020-10-19,11040482.00,13.52,13.56,13.70,13.95
2020-10-16,7925899.00,13.51,13.70,13.53,13.79
2020-10-16,7925899.00,13.51,13.70,13.53,13.79
2020-10-15,9083074.00,13.56,13.62,13.69,13.84
2020-10-14,10122610.00,13.68,13.69,13.85,14.03
2020-10-13,12739363.00,13.86,13.96,13.92,14.15
2020-10-12,14968575.00,13.60,13.98,13.65,14.03
2020-10-09,14641582.00,13.42,13.65,13.45,13.78
2020-09-30,11139173.00,13.03,13.36,13.21,13.40
2020-09-29,12881508.00,13.03,13.20,13.11,13.50
2020-09-28,14116062.00,12.98,13.10,13.40,13.50
2020-09-25,10714717.00,13.29,13.44,13.69,13.83
2020-09-24,12384638.00,13.65,13.65,13.91,13.98
2020-09-23,6137084.00,13.90,14.07,14.05,14.12
2020-09-22,10536006.00,13.84,13.94,14.16,14.22
2020-09-21,16628522.00,14.09,14.22,14.36,14.59
2020-09-18,11999897.00,14.03,14.27,14.16,14.36
2020-09-17,11953344.00,13.95,14.25,14.10,14.37
2020-09-16,9117801.00,13.90,14.08,14.17,14.26
2020-09-15,10171645.00,14.06,14.17,14.23,14.33
2020-09-14,14243571.00,14.04,14.23,14.28,14.45
2020-09-11,14882006.00,13.54,14.23,13.83,14.27
2020-09-10,22415111,13.75,13.81,14.57,14.67
2020-09-09,37671305,14.45,14.48,15.05,15.35
2020-09-08,17139303,14.98,15.23,15.10,15.38
2020-09-07,30509453,15.01,15.15,15.65,15.74
2020-09-04,31198155,15.44,15.50,15.44,15.98
2020-09-03,25860772,15.41,15.71,15.69,15.99
2020-09-02,20773704,15.36,15.57,15.60,15.67
2020-09-01,14718304,15.19,15.50,15.23,15.54
2020-08-31,18557768,15.23,15.24,15.55,15.60
2020-08-28,14877228,15.06,15.41,15.26,15.45
2020-08-27,16217977,14.89,15.22,15.08,15.25
2020-08-26,22350981,14.92,14.95,15.21,15.58
2020-08-25,13639584,15.24,15.32,15.27,15.46
2020-08-24,15241674,15.11,15.26,15.34,15.50
2020-08-21,16270484,15.06,15.24,15.33,15.49
2020-08-20,17793412,15.05,15.19,15.22,15.34
2020-08-19,17013339,15.29,15.34,15.70,15.77
2020-08-18,16889670,15.69,15.74,15.80,15.93
2020-08-17,33779678,15.41,15.83,15.48,15.96
2020-08-14,19492115,15.20,15.61,15.36,15.68
2020-08-13,28944792,15.18,15.28,15.51,15.79
2020-08-12,44584342,15.07,15.47,15.85,16.27
2020-08-11,37069136,15.96,16.10,16.93,17.08
2020-08-10,31319684,16.26,16.91,16.39,17.03
2020-08-07,36871025,16.09,16.49,16.47,17.10
2020-08-06,32849602,16.31,16.47,16.85,16.96
2020-08-05,32645480,16.51,16.85,16.79,17.08
2020-08-04,39035039,16.71,16.78,17.32,17.39
2020-08-03,57984924,16.69,17.20,16.69,17.28
2020-07-31,62210866,16.30,16.63,16.58,16.77
2020-07-30,87182083,15.68,16.92,15.72,17.30
2020-07-29,34711923,15.00,15.76,15.33,15.79
2020-07-28,22341608,15.15,15.31,15.58,15.68
2020-07-27,35803457,15.00,15.58,15.44,15.65
2020-07-24,46141404,15.23,15.28,15.65,16.25
2020-07-23,31503486,15.23,15.80,15.58,15.82
2020-07-22,32366323,15.71,15.79,15.94,16.14
2020-07-21,36222089,15.52,15.96,15.86,16.03
2020-07-20,34850102,15.30,15.73,15.30,15.75
2020-07-17,34129465,14.76,15.16,14.92,15.38
2020-07-16,61687018,14.76,14.76,15.75,15.93
2020-07-15,63152636,15.57,15.85,15.77,16.40
2020-07-14,42703711,15.50,15.72,15.83,16.08
2020-07-13,54298026,15.58,15.93,15.68,15.99
2020-07-10,61837874,15.52,15.58,16.34,16.35
2020-07-09,61481322,15.43,16.34,15.60,16.34
2020-07-08,41441712,15.40,15.75,15.60,15.84
2020-07-07,78832459,15.36,15.53,15.36,16.44
2020-07-06,72939407,14.56,15.17,14.72,15.21
2020-07-03,58212393,14.30,14.57,14.38,14.84
2020-07-02,80767320,13.65,14.40,13.85,14.96
2020-07-01,24163676,13.62,13.76,13.78,13.88
2020-06-30,39493554,13.24,13.80,13.24,13.84
2020-06-29,21147142,13.09,13.20,13.44,13.44
2020-06-24,34180914,13.28,13.53,13.82,13.82
2020-06-23,26540907,13.58,13.77,13.72,13.88
2020-06-22,47546882,13.30,13.84,13.31,13.96
2020-06-19,16867975,13.27,13.38,13.45,13.50
2020-06-18,20364608,13.21,13.40,13.40,13.57
2020-06-17,28392790,13.26,13.43,13.50,13.67
2020-06-16,23171374,13.10,13.36,13.13,13.40
2020-06-15,17075675,12.87,13.03,12.98,13.19
2020-06-12,11112199,12.72,13.00,12.76,13.07
2020-06-11,15238214,12.96,13.01,13.01,13.27
2020-06-10,11188871,12.94,13.05,13.13,13.17
2020-06-09,21827004,12.99,13.15,13.37,13.42
2020-06-08,28163111,13.06,13.34,13.09,13.48
2020-06-05,13899267,12.95,13.09,13.14,13.19
2020-06-04,15485493,13.03,13.10,13.14,13.22
2020-06-03,20878949,13.00,13.04,13.22,13.29
2020-06-02,30647810,12.95,13.22,13.09,13.25
2020-06-01,23531023,12.68,13.04,12.73,13.10
2020-05-29,26851474,12.22,12.72,12.35,12.86
2020-05-28,13007738,12.11,12.33,12.46,12.49
2020-05-27,10340603,12.45,12.46,12.57,12.68
2020-05-26,14317317,12.26,12.56,12.44,12.60
2020-05-25,9068382,12.22,12.31,12.23,12.43
2020-05-22,18598896,12.25,12.30,12.68,12.72
2020-05-21,17475168,12.47,12.73,12.56,12.73
2020-05-20,27404473,12.46,12.52,12.85,12.85
2020-05-19,32419520,12.63,12.89,12.97,12.97
2020-05-18,21662539,12.80,12.85,13.20,13.21
2020-05-15,23945739,13.00,13.19,13.05,13.30
2020-05-14,32856159,13.01,13.01,13.44,13.44
2020-05-13,36875185,13.30,13.49,13.40,13.60
2020-05-12,76606923,12.72,13.60,12.99,13.68
2020-05-11,25069856,13.08,13.13,13.26,13.49
2020-05-08,66844009,18.30,18.92,18.58,18.95
2020-05-07,41131642,18.40,18.43,18.99,18.99
2020-05-06,36954429,18.55,18.98,18.58,19.05
2020-04-30,38995227,18.23,18.73,18.38,18.86
2020-04-29,36857799,17.72,18.27,17.81,18.72
2020-04-28,22805815,17.16,17.82,18.02,18.09
2020-04-27,18474342,17.81,18.06,17.89,18.24
2020-04-24,19246365,17.62,17.74,18.27,18.27
2020-04-23,22511664,18.01,18.12,18.40,18.46
2020-04-22,19252718,18.18,18.38,18.40,18.54
2020-04-21,30735584,18.08,18.43,18.18,18.58
2020-04-20,34564295,17.81,18.30,17.96,18.46
2020-04-17,24566368,17.67,17.80,17.69,18.03
2020-04-16,12151339,17.49,17.65,17.71,17.71
2020-04-15,18571889,17.47,17.60,17.80,17.89
2020-04-14,20915438,17.46,17.71,17.51,17.75
2020-04-13,17770715,16.88,17.51,17.32,17.63
2020-04-10,25187947,17.18,17.33,17.88,17.90
2020-04-09,22771041,17.51,17.88,17.60,17.90
2020-04-08,17950915,17.14,17.60,17.14,17.65
2020-04-07,24085453,17.17,17.48,17.36,17.59
2020-04-03,17688868,16.82,16.94,17.08,17.16
2020-04-02,22104012,16.57,17.12,16.67,17.12
2020-04-01,17859534,16.67,16.75,16.90,17.05
2020-03-31,16459989,16.83,16.92,16.91,17.16
2020-03-30,25707435,16.47,16.90,17.25,17.25
2020-03-27,33786155,17.01,17.21,17.06,17.53
2020-03-26,21566499,16.81,16.90,17.01,17.21
2020-03-25,33890888,17.05,17.22,17.46,17.46
2020-03-24,42992124,16.61,17.13,17.32,17.50
2020-03-23,78269420,17.16,17.17,18.31,18.31
2020-03-20,125179666,18.73,19.05,19.60,20.20
2020-03-19,87694585,18.48,19.60,18.52,19.69
2020-03-18,63386940,18.28,18.52,18.80,18.99
2020-03-17,66813783,17.19,18.99,17.45,19.05
2020-03-16,33808116,17.40,17.50,18.17,18.52
2020-03-13,30330210,17.02,18.00,17.34,18.13
2020-03-12,33168518,17.60,18.15,18.08,18.35
2020-03-11,54313950,18.26,18.45,18.49,18.97
2020-03-10,42195169,17.11,18.47,17.14,18.47
2020-03-09,35477221,17.49,17.63,18.02,18.28
2020-03-06,44525687,17.58,18.37,17.58,18.77
2020-03-05,20482680,17.37,17.76,17.37,17.80
2020-03-04,12403760,16.88,17.26,17.01,17.29
2020-03-03,17106542,16.80,17.06,17.43,17.43
2020-03-02,22891590,16.29,17.02,16.29,17.15
2020-02-28,32474798,16.11,16.30,17.10,17.16
2020-02-27,15524977,17.45,17.50,17.58,17.77
2020-02-26,23390626,17.44,17.59,17.48,17.85
2020-02-25,26349933,17.30,17.81,17.38,17.83
2020-02-24,27135098,17.66,17.90,17.98,18.00
2020-02-21,37455460,17.79,18.08,17.93,18.34
2020-02-20,32421120,17.40,17.85,17.43,17.98
2020-02-19,27672869,17.11,17.49,17.19,17.71
2020-02-18,16495989,16.99,17.26,17.04,17.29
2020-02-17,19448153,16.59,17.05,16.64,17.26
2020-02-14,11145752,16.36,16.57,16.62,16.69
2020-02-13,11900500,16.53,16.58,16.73,16.81
2020-02-12,12859257,16.58,16.72,16.74,16.83
2020-02-11,13708420,16.41,16.66,16.65,16.83
2020-02-10,20763709,16.09,16.65,16.18,16.73
2020-02-07,17270570,15.94,16.29,16.28,16.32
2020-02-06,18848180,15.86,16.21,15.90,16.31
2020-02-05,19730974,15.61,15.90,15.69,16.18
2020-02-04,21098190,15.19,15.69,15.43,15.85
2020-02-03,16200723,15.65,15.65,15.65,15.79
2020-01-23,20417775,17.16,17.39,17.91,18.18
2020-01-22,22164954,17.61,17.98,18.12,18.12
2020-01-21,22798078,17.89,18.13,18.03,18.22
2020-01-20,21447859,17.67,18.04,17.70,18.04
2020-01-20,21447859,17.67,18.04,17.70,18.04
2020-01-17,21509384,17.67,17.78,17.85,18.13
2020-01-16,18517721,17.50,17.69,17.60,17.78
2020-01-15,17332320,17.53,17.65,17.81,17.88
2020-01-14,22315052,17.76,17.90,17.93,18.06
2020-01-13,21135835,17.56,17.94,17.81,17.95
2020-01-10,22280872,17.51,17.81,17.84,17.88
2020-01-09,22861370,17.66,17.75,17.80,18.10
2020-01-08,32765023,17.56,17.58,18.20,18.20
2020-01-07,35015361,17.63,18.26,17.77,18.35
2020-01-06,33237994,17.26,17.78,17.46,18.10
2020-01-03,19802300,17.37,17.57,17.42,17.64
2020-01-02,28451192,17.21,17.52,17.33,17.66
2019-12-31,17883711,17.01,17.26,17.16,17.33
2019-12-30,27946811,16.70,17.20,17.41,17.50
2019-12-27,35527457,17.13,17.47,17.14,17.61
2019-12-26,14236198,17.04,17.14,17.22,17.22
2019-12-25,20897715,16.96,17.25,17.20,17.30
2019-12-24,25855441,16.63,17.26,16.79,17.35
2019-12-23,11607520,16.40,16.49,16.80,16.84
2019-12-20,17940349,16.75,16.75,17.06,17.32
2019-12-19,16834850,16.79,17.04,16.80,17.13
2019-12-18,14928314,16.77,16.81,16.82,16.98
2019-12-17,20334930,16.50,16.91,16.65,16.98
2019-12-16,15768012,16.19,16.63,16.20,16.68
2019-12-13,11330207,16.09,16.27,16.12,16.31
2019-12-12,7286660,16.05,16.10,16.16,16.23
2019-12-11,13014713,16.05,16.20,16.21,16.28
2019-12-10,9568943,15.94,16.16,16.17,16.17
2019-12-09,12133599,16.00,16.13,16.11,16.22
2019-12-06,8562811,15.92,16.00,15.93,16.07
2019-12-05,9831589,15.75,15.90,15.76,15.96
2019-12-04,7477754,15.56,15.75,15.69,15.79
2019-12-03,6808413,15.57,15.75,15.71,15.75
2019-12-02,9768985,15.63,15.75,15.66,15.78
2019-11-29,7238151,15.47,15.62,15.63,15.73
2019-11-28,10316130,15.58,15.60,15.71,15.79
2019-11-27,10923815,15.56,15.79,15.66,15.89
2019-11-26,6005214,15.68,15.75,15.76,15.82
2019-11-25,11058100,15.68,15.74,15.94,16.08
2019-11-22,13865469,15.94,16.00,16.22,16.37
2019-11-21,8938124,16.10,16.19,16.24,16.34
2019-11-20,13828299,16.21,16.25,16.58,16.59
2019-11-19,12146217,16.32,16.58,16.42,16.59
2019-11-18,16925717,16.15,16.36,16.60,16.60
2019-11-15,19699445,16.61,16.62,17.18,17.18
2019-11-14,23436999,16.89,17.15,16.89,17.26
2019-11-13,11268061,16.62,16.88,16.73,16.94
2019-11-12,12302491,16.43,16.70,16.60,16.78
2019-11-11,15951716,16.38,16.52,16.95,16.95
2019-11-08,18594524,16.90,16.95,17.02,17.19
2019-11-07,17942584,16.65,17.02,16.70,17.08
2019-11-06,16875479,16.59,16.65,16.88,17.06
2019-11-05,14786578,16.71,16.94,16.95,17.10
2019-11-04,19169469,16.60,16.89,16.64,17.04
2019-11-01,14966350,16.36,16.66,16.50,16.76
2019-10-31,24643549,16.57,16.59,17.11,17.13
2019-10-30,24020262,16.56,17.13,16.88,17.17
2019-10-29,27667706,16.78,16.80,17.29,17.29
2019-10-28,41831977,16.90,17.31,16.99,17.46
2019-10-25,22000700,16.63,16.87,16.82,16.98
2019-10-24,26069692,16.66,16.72,16.95,16.98
2019-10-23,25337478,16.91,16.93,17.21,17.24
2019-10-22,28112761,16.85,17.19,16.98,17.19
2019-10-22,28112761,16.85,17.19,16.98,17.19
2019-10-21,38900737,16.60,17.00,17.19,17.22
2019-10-18,55847942,17.28,17.31,17.56,17.80
2019-10-17,117474598,17.39,17.56,18.00,18.89
2019-10-16,177132342,18.91,18.91,19.60,20.57
2019-10-15,265488876,20.03,21.01,21.01,21.01
2019-10-14,29600268,17.90,19.10,17.90,19.10
2019-10-11,38137971,16.83,17.36,17.16,17.36
2019-10-10,31107556,16.90,17.21,17.03,17.30
2019-10-09,34097588,16.72,17.25,16.95,17.27
2019-10-08,57800193,16.57,17.18,16.61,17.54
2019-09-30,27157676,16.19,16.77,16.19,16.88
2019-09-27,11139911,15.94,16.15,16.1,16.3
2019-09-26,11873503,15.92,15.96,16.43,16.54
2019-09-25,12308833,16.29,16.46,16.68,16.7
2019-09-24,22983736,16.63,16.8,16.69,17.07
2019-09-23,8519054,16.44,16.66,16.6,16.75
2019-09-20,12937781,16.58,16.6,16.69,16.84
2019-09-19,18865750,16.32,16.69,16.56,16.71
2019-09-18,10223377,16.21,16.5,16.32,16.85
2019-09-17,14429389,16.16,16.27,16.66,16.81
2019-09-16,11884181,16.5,16.68,16.65,16.84
2019-09-12,10440692,16.48,16.59,16.53,16.84
2019-09-11,9359703,16.43,16.44,16.79,16.79
2019-09-10,14105375,16.54,16.65,16.62,16.82
2019-09-09,18176442,16.32,16.7,16.49,16.72
2019-09-06,13882518,16.01,16.35,16.18,16.39
2019-09-05,12070197,16.06,16.13,16.09,16.33
2019-09-04,11549055,15.81,16.07,15.99,16.14
2019-09-03,11106955,15.63,15.9,15.7,15.93
2019-09-02,9733829,15.32,15.67,15.43,15.72
2019-08-30,9634290,15.26,15.32,15.69,15.73
2019-08-29,8528805,15.57,15.6,15.65,15.82
2019-08-28,7182318,15.62,15.63,15.74,15.8
2019-08-27,9877608,15.61,15.74,15.7,15.83
2019-08-26,10024462,15.27,15.71,15.39,15.76
2019-08-23,6008688,15.37,15.46,15.49,15.65
2019-08-22,4216084,15.36,15.49,15.51,15.56
2019-08-21,3974672,15.37,15.48,15.48,15.53
2019-08-20,7228341,15.39,15.44,15.41,15.63
2019-08-19,7634279,15.18,15.46,15.18,15.5
2019-08-16,4734190,14.97,15.2,15.06,15.27
2019-08-15,5647783,14.86,15.05,15.08,15.08
2019-08-14,5892136,14.99,15.18,14.99,15.27
2019-08-13,5392896,14.88,14.89,15.11,15.15
2019-08-12,4884303,14.89,15.19,14.99,15.23
2019-08-09,5264965,14.93,15.02,15.14,15.29
2019-08-08,5802277,14.85,15.15,15.14,15.35
2019-08-07,6706443,15.03,15.13,15.23,15.45
2019-08-06,8641483,14.85,15.21,15.61,15.61
2019-08-05,7825801,15.62,15.65,15.68,15.92
2019-08-02,8686191,15.51,15.7,15.96,15.99
2019-08-01,7758735,15.71,16.04,15.78,16.1
2019-07-31,6699974,15.73,15.83,16.0,16.03
2019-07-30,11017614,15.72,16.0,15.73,16.02
2019-07-29,8742902,15.7,15.73,15.91,15.91
2019-07-26,10386430,15.77,15.89,15.96,15.96
2019-07-25,6919068,15.88,15.95,16.02,16.06
2019-07-24,7741260,15.83,16.07,15.85,16.26
2019-07-24,7741260,15.83,16.07,15.85,16.26
2019-07-23,6965434,15.73,15.91,15.85,15.99
2019-07-22,10065950,15.76,15.78,16.14,16.39
2019-07-19,7630008,16.08,16.13,16.08,16.47
2019-07-18,11864645,16.06,16.15,16.29,16.47
2019-07-17,9257542,16.48,16.49,16.79,16.79
2019-07-16,9704673,16.43,16.77,16.59,16.78
2019-07-15,16762931,16.23,16.51,16.73,16.74
2019-07-12,17041860,16.71,16.73,17.02,17.08
2019-07-11,19145239,16.71,17.15,17.08,17.23
2019-07-10,28047745,16.67,17.06,16.74,17.24
2019-07-09,21518418,16.23,16.86,16.29,17.03
2019-07-08,10868606,16.11,16.17,16.71,16.83
2019-07-05,9901720,16.41,16.78,16.65,16.86
2019-07-04,7845416,16.56,16.65,16.68,16.85
2019-07-03,19117044,16.58,16.78,16.66,17.0
2019-07-02,10041238,16.44,16.65,16.69,16.69
2019-07-01,17938677,16.39,16.63,16.51,16.73
2019-06-28,11233548,16.1,16.46,16.33,16.48
2019-06-27,14195942,16.37,16.41,16.63,16.76
2019-06-26,14254738,16.3,16.63,16.44,16.93
2019-06-25,14863165,15.91,16.56,16.23,16.56
2019-06-24,9952872,16.14,16.26,16.29,16.32
2019-06-21,19907738,15.96,16.32,15.96,16.4
2019-06-20,11502184,15.54,15.86,15.89,15.94
2019-06-19,12243105,15.75,15.9,15.93,16.0
2019-06-18,5552659,15.52,15.76,15.66,15.86
2019-06-17,6142161,15.38,15.65,15.41,15.73
2019-06-14,8375514,15.46,15.52,15.73,15.86
2019-06-13,9205731,15.58,15.8,15.77,15.86
2019-06-12,8453546,15.72,15.85,15.85,16.13
2019-06-11,11652522,15.28,15.88,15.3,15.94
2019-06-10,5731611,15.03,15.38,15.33,15.56
2019-06-06,7130341,15.16,15.34,15.47,15.61
2019-06-05,6924558,15.36,15.5,15.47,15.6
2019-06-04,13044670,15.33,15.33,15.89,15.89
2019-06-03,24843852,15.72,15.77,16.7,16.7
2019-05-31,29853903,15.68,16.5,15.78,17.35
2019-05-30,9265774,15.46,15.78,15.52,15.79
2019-05-29,7879201,15.11,15.61,15.41,15.87
2019-05-28,7518981,15.35,15.58,15.53,15.73
2019-05-27,10339606,14.82,15.54,14.82,15.73
2019-05-24,5155036,14.77,14.94,14.77,15.16
2019-05-23,6364134,14.81,15.0,15.33,15.42
2019-05-22,7736443,15.11,15.36,15.67,15.79
2019-05-21,7517297,15.16,15.7,15.3,15.8
2019-05-20,7675464,14.76,15.23,15.42,15.42
2019-05-17,8962880,15.25,15.25,16.0,16.09
2019-05-16,5306466,15.75,15.9,15.92,16.22
2019-05-15,6121432,15.6,15.84,15.6,15.95
2019-05-14,6763345,15.3,15.57,15.47,15.95
2019-05-13,6998908,15.35,15.69,15.55,15.76
2019-05-10,9050238,15.17,15.58,15.32,15.65
2019-05-09,8566399,14.92,15.33,15.12,15.46
2019-05-08,9661154,14.75,15.23,14.91,15.5
2019-05-07,13954938,14.47,15.15,14.88,15.19
2019-05-06,17253232,14.3,14.75,15.5,15.66
2019-04-30,9440446,15.53,15.76,15.53,16.07
2019-04-29,14025907,15.66,15.7,16.14,16.32
2019-04-26,12794132,16.03,16.03,16.36,16.55
2019-04-25,21404455,16.5,16.51,17.0,17.23
